year	month	location	sku_id	volume
2019	7	Alpha City	sku# 15	5504
2019	8	Alpha City	sku# 15	9805
2019	9	Alpha City	sku# 15	13816
2019	7	Alpha City	sku# 16	6023
2019	8	Alpha City	sku# 16	5362
2019	9	Alpha City	sku# 16	5711
2019	7	Alpha City	sku# 22	10738
2019	8	Alpha City	sku# 22	11688
2019	9	Alpha City	sku# 22	13847
2019	7	Alpha City	sku# 25	7098
2019	8	Alpha City	sku# 25	7056
2019	9	Alpha City	sku# 25	8954
2019	7	Alpha City	sku# 28	2764
2019	8	Alpha City	sku# 28	2190
2019	9	Alpha City	sku# 28	2089
2019	7	Alpha City	sku# 30	12725
2019	8	Alpha City	sku# 30	14608
2019	9	Alpha City	sku# 30	14437
2019	7	Alpha City	sku# 31	2394
2019	8	Alpha City	sku# 31	2272
2019	9	Alpha City	sku# 31	1731
2019	7	Alpha City	sku# 38	2149
2019	8	Alpha City	sku# 38	2544
2019	9	Alpha City	sku# 38	3068
2019	7	Alpha City	sku# 41	3614
2019	8	Alpha City	sku# 41	2893
2019	9	Alpha City	sku# 41	1017
2019	7	Alpha City	sku# 42	255
2019	8	Alpha City	sku# 42	574
2019	9	Alpha City	sku# 42	489
2019	7	Alpha City	sku# 46	4090
2019	8	Alpha City	sku# 46	3951
2019	9	Alpha City	sku# 46	4675
2019	7	Alpha City	sku# 48	6170
2019	8	Alpha City	sku# 48	6270
2019	9	Alpha City	sku#48	7650
2019	7	Alpha City	sku# 49	3551
2019	8	Alpha City	sku# 49	3350
2019	9	Alpha City	sku# 49	2621
2019	7	Alpha City	sku# 67	157
2019	8	Alpha City	sku# 67	61
2019	9	Alpha City	sku# 67	88
2019	7	Alpha City	sku# 73	3634
2019	8	Alpha City	sku# 73	5350
2019	9	Alpha City	sku# 73	4733
2019	7	Alpha City	sku# 76	4268
2019	8	Alpha City	sku# 76	7793
2019	9	Alpha City	sku# 76	8755
2019	7	Alpha City	sku# 77	4517
2019	8	Alpha City	sku# 77	4599
2019	9	Alpha City	sku# 77	4327
2019	7	Alpha City	sku# 78	1935
2019	8	Alpha City	sku# 78	3803
2019	9	Alpha City	sku# 78	2343
2019	7	Alpha City	sku# 79	7961
2019	8	Alpha City	sku# 79	8000
2019	9	Alpha City	sku# 79	9197
2019	7	Alpha City	sku# 94	1855
2019	8	Alpha City	sku# 94	1352
2019	9	Alpha City	sku# 94	878
2019	7	Alpha City	sku# 97	6637
2019	8	Alpha City	sku# 97	7128
2019	9	Alpha City	sku# 97	7841
2019	7	Alpha City	sku# 100	1618
2019	8	Alpha City	sku# 100	2166
2019	9	Alpha City	sku# 100	3132
2019	7	Alpha City	sku# 106	3252
2019	8	Alpha City	sku# 106	4422
2019	9	Alpha City	sku# 106	3610
2019	7	Moon	sku# 16	584
2019	8	Moon	sku# 16	1254
2019	9	Moon	sku# 16	1038
2019	7	Moon	sku# 22	656
2019	8	Moon	sku# 22	3507
2019	9	Moon	sku# 22	2719
2019	7	Moon	sku# 28	2021
2019	8	Moon	sku# 28	806
2019	9	Moon	sku# 28	429
2019	7	Moon	sku# 30	6468
2019	8	Moon	sku# 30	4631
2019	9	Moon	sku# 30	4685
2019	7	Moon	sku# 31	165
2019	8	Moon	sku# 31	305
2019	9	Moon	sku# 31	77
2019	7	Moon	sku# 41	489
2019	8	Moon	sku# 41	576
2019	9	Moon	sku# 41	936
2019	7	Moon	sku# 46	1837
2019	8	Moon	sku# 46	1722
2019	9	Moon	sku# 46	2209
2019	7	Moon	sku# 48	2928
2019	8	Moon	sku# 48	2234
2019	9	Moon	sku# 48	1772
2019	7	Moon	sku# 76	181
2019	8	Moon	sku# 76	128
2019	9	Moon	sku# 76	375
2019	7	Moon	sku# 77	235
2019	8	Moon	sku# 77	244
2019	9	Moon	sku# 77	259
2019	7	Moon	sku# 79	1317
2019	8	Moon	sku# 79	296
2019	9	Moon	sku# 79	319
2019	7	Moon	sku# 97	881
2019	8	Moon	sku# 97	437
2019	9	Moon	sku# 97	692
2019	7	Moon	sku# 100	150
2019	8	Moon	sku# 100	426
2019	9	Moon	sku# 100	230
2019	7	Pirate Bay	sku# 15	2747
2019	8	Pirate Bay	sku# 15	3795
2019	9	Pirate Bay	sku# 15	3731
2019	7	Pirate Bay	sku# 16	5957
2019	8	Pirate Bay	sku# 16	5286
2019	9	Pirate Bay	sku# 16	5670
2019	7	Pirate Bay	sku# 22	11716
2019	8	Pirate Bay	sku# 22	10694
2019	9	Pirate Bay	sku# 22	12652
2019	7	Pirate Bay	sku# 25	3185
2019	8	Pirate Bay	sku# 25	2852
2019	9	Pirate Bay	sku# 25	3133
2019	7	Pirate Bay	sku# 28	5313
2019	8	Pirate Bay	sku# 28	4016
2019	9	Pirate Bay	sku# 28	3812
2019	7	Pirate Bay	sku# 30	6516
2019	8	Pirate Bay	sku# 30	5902
2019	9	Pirate Bay	sku# 30	8894
2019	7	Pirate Bay	sku# 31	1506
2019	8	Pirate Bay	sku# 31	1194
2019	9	Pirate Bay	sku# 31	1344
2019	7	Pirate Bay	sku# 38	1988
2019	8	Pirate Bay	sku# 38	1976
2019	9	Pirate Bay	sku# 38	2134
2019	7	Pirate Bay	sku# 41	1192
2019	8	Pirate Bay	sku# 41	1613
2019	9	Pirate Bay	sku# 41	841
2019	7	Pirate Bay	sku# 42	190
2019	8	Pirate Bay	sku# 42	130
2019	9	Pirate Bay	sku# 42	143
2019	7	Pirate Bay	sku# 46	4251
2019	8	Pirate Bay	sku# 46	3974
2019	9	Pirate Bay	sku# 46	4726
2019	7	Pirate Bay	sku# 48	6399
2019	8	Pirate Bay	sku# 48	5556
2019	9	Pirate Bay	sku# 48	6441
2019	7	Pirate Bay	sku# 49	1221
2019	8	Pirate Bay	sku# 49	2175
2019	9	Pirate Bay	sku# 49	2340
2019	7	Pirate Bay	sku# 67	336
2019	8	Pirate Bay	sku# 67	330
2019	9	Pirate Bay	sku# 67	411
2019	7	Pirate Bay	sku# 73	2037
2019	8	Pirate Bay	sku# 73	2585
2019	9	Pirate Bay	sku# 73	2245
2019	7	Pirate Bay	sku# 76	3570
2019	8	Pirate Bay	sku# 76	3741
2019	9	Pirate Bay	sku# 76	4033
2019	7	Pirate Bay	sku# 77	2958
2019	8	Pirate Bay	sku# 77	2394
2019	9	Pirate Bay	sku# 77	3719
2019	7	Pirate Bay	sku# 78	273
2019	8	Pirate Bay	sku# 78	266
2019	9	Pirate Bay	sku# 78	271
2019	7	Pirate Bay	sku# 79	669
2019	8	Pirate Bay	sku# 79	682
2019	9	Pirate Bay	sku# 79	695
2019	7	Pirate Bay	sku# 94	678
2019	8	Pirate Bay	sku# 94	697
2019	9	Pirate Bay	sku# 94	752
2019	7	Pirate Bay	sku# 97	6473
2019	8	Pirate Bay	sku# 97	6833
2019	9	Pirate Bay	sku# 97	6438
2019	7	Pirate Bay	sku# 100	2937
2019	8	Pirate Bay	sku# 100	1899
2019	9	Pirate Bay	sku# 100	2380
2019	7	Pirate Bay	sku# 106	2208
2019	8	Pirate Bay	sku# 106	1306
2019	9	Pirate Bay	sku# 106	2471